SUID,name,BetweennessCentrality,ClosenessCentrality,ClusteringCoefficient,Eccentricity,EdgeCount,Indegree,IsSingleNode,,NeighborhoodConnectivity,Outdegree,PartnerOfMultiEdgedNodePairs,selected,SelfLoops,shared name,Stress
7228,TP53,0.06611272,0.46456693,0.04141865,4,75,50,FALSE,,14.40625,25,11,FALSE,0,TP53,39572
6788,AR,0.03605041,0.40410959,0.03164983,4,60,46,FALSE,,13.38181818,14,5,FALSE,0,AR,20498
7029,MYC,0.03342125,0.35014837,0.03280053,5,81,74,FALSE,,12.93589744,7,3,FALSE,0,MYC,19140
6795,ESR1,0.02884691,0.4469697,0.06025641,4,45,28,FALSE,,17.9,17,5,FALSE,0,ESR1,16236
7044,NFKB1,0.02683559,0.46640316,0.05392157,4,58,35,FALSE,,16.26923077,23,6,FALSE,0,NFKB1,17459
7116,RELA,0.02573368,0.5,0.07265306,4,55,24,FALSE,,18.16,31,5,FALSE,0,RELA,17889
6783,FOS,0.02399191,0.39072848,0.05618777,4,39,31,FALSE,,16.52631579,8,1,FALSE,0,FOS,12506
6822,BRCA1,0.02301574,0.41114983,0.04782609,4,48,36,FALSE,,14.84782609,12,2,FALSE,0,BRCA1,13268
7155,SP1,0.02140052,0.51754386,0.06781915,4,50,12,FALSE,,18.70833333,38,2,FALSE,0,SP1,12321
6979,JUN,0.02082422,0.41114983,0.03963415,4,42,28,FALSE,,14.90243902,14,1,FALSE,0,JUN,11479
6853,E2F1,0.01987149,0.4083045,0.05919662,4,47,32,FALSE,,17.18181818,15,3,FALSE,0,E2F1,11505
6952,HIF1A,0.01602466,0.36419753,0.04367816,5,32,21,FALSE,,14.66666667,11,2,FALSE,0,HIF1A,8896
7191,STAT3,0.01571246,0.42909091,0.0862069,4,33,14,FALSE,,22.72413793,19,4,FALSE,0,STAT3,9416
6875,EP300,0.01124294,0.40136054,0.11111111,5,21,8,FALSE,,26,13,2,FALSE,0,EP300,7816
7109,RB1,0.01013799,0.39464883,0.12867647,4,18,9,FALSE,,24.76470588,9,1,FALSE,0,RB1,5847
6810,EGR1,0.00946468,0.4,0.09473684,5,22,13,FALSE,,24.65,9,2,FALSE,0,EGR1,6187
7188,STAT1,0.00931716,0.36645963,0.07105263,5,23,14,FALSE,,15.5,9,3,FALSE,0,STAT1,4664
7264,YY1,0.00898416,0.41549296,0.11255411,4,22,9,FALSE,,24.09090909,13,0,FALSE,0,YY1,5442
7253,WT1,0.00814082,0.35542169,0.07789855,5,27,16,FALSE,,22.29166667,11,3,FALSE,0,WT1,5230
7024,MYB,0.00791081,0.33427762,0.05263158,5,21,13,FALSE,,19.25,8,1,FALSE,0,MYB,4432
7139,SIRT1,0.00727145,0.37699681,0.07894737,5,21,10,FALSE,,22.8,11,1,FALSE,0,SIRT1,3952
6933,GATA4,0.00725187,0.28502415,0,5,8,6,FALSE,,15,2,0,FALSE,0,GATA4,2764
7016,MITF,0.00682811,0.30890052,0.0125,5,16,14,FALSE,,8.5625,2,0,FALSE,0,MITF,2895
6941,HDAC1,0.0067412,0.45736434,0.16233766,5,24,9,FALSE,,27.59090909,15,2,FALSE,0,HDAC1,4556
7237,TWIST1,0.00639566,0.34502924,0.04093567,5,20,12,FALSE,,17.21052632,8,1,FALSE,0,TWIST1,3925
6850,DNMT1,0.00631853,0.36645963,0.13809524,5,17,11,FALSE,,22.66666667,6,2,FALSE,0,DNMT1,3886
6950,HDAC9,0.00628606,0.39072848,0.16666667,4,7,2,FALSE,,31.28571429,5,0,FALSE,0,HDAC9,2695
7251,VDR,0.00605417,0.27126437,0.03684211,6,20,17,FALSE,,13.85,3,0,FALSE,0,VDR,2866
7102,PPARG,0.00595887,0.34402332,0.05627706,5,22,14,FALSE,,18.40909091,8,0,FALSE,0,PPARG,3194
6924,FOXP3,0.00559839,0.30412371,0.08791209,5,14,11,FALSE,,21.21428571,3,0,FALSE,0,FOXP3,3266
6899,ETS1,0.00548078,0.37460317,0.06190476,5,17,9,FALSE,,16.46666667,8,2,FALSE,0,ETS1,2884
7081,PAX5,0.00466448,0.35435435,0.1,5,7,1,FALSE,,27.33333333,6,1,FALSE,0,PAX5,1977
6840,CTNNB1,0.00437189,0.35329341,0.13333333,5,16,10,FALSE,,25,6,1,FALSE,0,CTNNB1,2644
7147,SMAD4,0.004218,0.31550802,0.08181818,5,12,5,FALSE,,23,7,1,FALSE,0,SMAD4,2196
7038,NCOR1,0.00418015,0.34104046,0.16666667,5,7,3,FALSE,,36.71428571,4,0,FALSE,0,NCOR1,2232
6892,PGR,0.00398426,0.38943894,0.1474359,4,15,8,FALSE,,33.23076923,7,2,FALSE,0,PGR,2589
7207,TBP,0.0039803,0.32869081,0.1,5,16,11,FALSE,,24.9375,5,0,FALSE,0,TBP,2488
7093,PIAS3,0.00387897,0.34911243,0.25,5,6,2,FALSE,,30.2,4,1,FALSE,0,PIAS3,1719
6833,CREB1,0.0038359,0.35014837,0.0875,5,16,6,FALSE,,21.75,10,0,FALSE,0,CREB1,1586
7040,NF1,0.00379963,0.35649547,0.08455882,4,17,12,FALSE,,20.41176471,5,0,FALSE,0,NF1,2516
7210,TCF4,0.0037377,0.32065217,0.04395604,5,14,8,FALSE,,19.78571429,6,0,FALSE,0,TCF4,2229
6928,GATA1,0.00356176,0.28571429,0.03787879,6,12,8,FALSE,,12,4,0,FALSE,0,GATA1,1939
6964,HSF1,0.00348037,0.36085627,0.13888889,5,9,4,FALSE,,28.11111111,5,0,FALSE,0,HSF1,1745
7132,RUNX3,0.00320163,0.28850856,0.08333333,5,9,5,FALSE,,20.11111111,4,0,FALSE,0,RUNX3,1565
7098,PPARA,0.00315224,0.28571429,0.1025641,6,13,9,FALSE,,19.23076923,4,0,FALSE,0,PPARA,1871
7143,SMAD3,0.00306521,0.32152589,0.08333333,5,13,5,FALSE,,24.15384615,8,0,FALSE,0,SMAD3,2340
7174,SP3,0.00281697,0.35866261,0.15151515,5,12,4,FALSE,,24.91666667,8,0,FALSE,0,SP3,2141
6782,AHR,0.00272781,0.32869081,0.16363636,5,12,8,FALSE,,26.09090909,4,1,FALSE,0,AHR,1528
6880,EPAS1,0.00268764,0.24634656,0.07142857,6,8,6,FALSE,,18.71428571,2,1,FALSE,0,EPAS1,1516
6948,HDAC7,0.00266379,0.33427762,0.08928571,5,8,4,FALSE,,23.625,4,0,FALSE,0,HDAC7,1859
7065,NKX3-1,0.00260428,0.33522727,0.10714286,5,9,6,FALSE,,27.25,3,1,FALSE,0,NKX3-1,1837
7002,LEF1,0.00257549,0.36419753,0.07692308,5,14,5,FALSE,,20.28571429,9,0,FALSE,0,LEF1,1257
7130,RUNX2,0.0025053,0.34104046,0.07777778,5,12,8,FALSE,,19.3,4,2,FALSE,0,RUNX2,1221
6814,ATM,0.00235204,0.34302326,0.08333333,5,10,8,FALSE,,24.11111111,2,1,FALSE,0,ATM,1614
7271,ZEB1,0.00230871,0.28992629,0.05555556,5,10,8,FALSE,,14.7,2,0,FALSE,0,ZEB1,1167
6993,KLF5,0.00224848,0.27764706,0.06666667,6,6,2,FALSE,,25,4,0,FALSE,0,KLF5,1192
6930,GATA3,0.00223362,0.36875,0.06363636,5,14,8,FALSE,,22.81818182,6,3,FALSE,0,GATA3,1613
6915,FOXA1,0.00223014,0.34005764,0.25,5,9,4,FALSE,,38.33333333,5,0,FALSE,0,FOXA1,1533
6838,CREM,0.00216718,0.30649351,0.25,5,6,3,FALSE,,31.8,3,1,FALSE,0,CREM,816
6976,IRF1,0.00203066,0.35435435,0.1978022,5,15,8,FALSE,,28.07142857,7,1,FALSE,0,IRF1,1392
7213,TCF7L2,0.00201515,0.33618234,0.125,5,10,5,FALSE,,24.77777778,5,1,FALSE,0,TCF7L2,1005
6828,CEBPA,0.00192056,0.31466667,0.15277778,5,10,7,FALSE,,25.33333333,3,1,FALSE,0,CEBPA,1518
7183,SRF,0.00180738,0.30434783,0.05555556,5,9,5,FALSE,,13.88888889,4,0,FALSE,0,SRF,673
6794,ARNT,0.00180501,0.36085627,0.23809524,5,9,3,FALSE,,29.57142857,6,2,FALSE,0,ARNT,1151
6801,ATF1,0.00165351,0.24532225,0.04761905,6,7,2,FALSE,,15,5,0,FALSE,0,ATF1,768
6830,CIITA,0.00163107,0.29873418,0.05454545,5,13,9,FALSE,,13.63636364,4,2,FALSE,0,CIITA,1006
6806,ATF2,0.00160525,0.35649547,0.04761905,5,7,4,FALSE,,24.71428571,3,0,FALSE,0,ATF2,707
6922,FOXO3,0.00157691,0.31382979,0.20833333,5,10,7,FALSE,,30.33333333,3,1,FALSE,0,FOXO3,1158
7074,PARP1,0.00154501,0.36875,0.16666667,5,10,3,FALSE,,31.5,7,0,FALSE,0,PARP1,1002
7031,MYCN,0.00153498,0.32506887,0.05514706,5,17,14,FALSE,,15.64705882,3,0,FALSE,0,MYCN,1192
6920,FOXO1,0.00139659,0.31299735,0.06666667,5,6,4,FALSE,,15.66666667,2,0,FALSE,0,FOXO1,907
7070,NR2E3,0.00137859,0.31070496,0,5,3,2,FALSE,,14,1,0,FALSE,0,NR2E3,518
7235,TP73,0.00134671,0.29873418,0.2,5,12,9,FALSE,,32.54545455,3,1,FALSE,0,TP73,1045
6990,KLF4,0.00133526,0.32869081,0.05494505,5,14,10,FALSE,,15.07142857,4,0,FALSE,0,KLF4,947
7255,XBP1,0.00125025,0.31134565,0,5,6,5,FALSE,,9.5,1,0,FALSE,0,XBP1,539
7152,SNAI2,0.00123144,0.21651376,0.02287582,7,18,15,FALSE,,11,3,0,FALSE,0,SNAI2,525
7248,USF2,0.00116403,0.32417582,0.05,5,6,1,FALSE,,19.4,5,1,FALSE,0,USF2,566
7068,NR1I2,0.00105272,0.33898305,0.06666667,5,10,6,FALSE,,17.4,4,0,FALSE,0,NR1I2,620
6904,ETS2,0.00100854,0.34705882,0.16666667,5,7,3,FALSE,,34.14285714,4,0,FALSE,0,ETS2,584
6785,APC,0.00100346,0.29573935,0.05555556,5,10,6,FALSE,,18.2,4,0,FALSE,0,APC,717
6859,E2F4,9.89E-04,0.34195402,0.07142857,5,8,3,FALSE,,28.875,5,0,FALSE,0,E2F4,514
7215,TFAP2A,9.78E-04,0.29573935,0.04166667,5,10,4,FALSE,,17.88888889,6,1,FALSE,0,TFAP2A,488
6808,ATF5,9.28E-04,0.30909091,0.03333333,6,6,3,FALSE,,15,3,0,FALSE,0,ATF5,432
7241,TWIST2,8.92E-04,0.32686981,0.0952381,5,7,2,FALSE,,21.85714286,5,0,FALSE,0,TWIST2,765
6939,GLI2,8.58E-04,0.29426434,0.2,5,6,4,FALSE,,30,2,0,FALSE,0,GLI2,534
7204,STAT6,8.09E-04,0.3033419,0,5,4,2,FALSE,,16.5,2,0,FALSE,0,STAT6,366
6984,JUND,7.48E-04,0.25265393,0.05,6,5,3,FALSE,,11.2,2,0,FALSE,0,JUND,392
6818,BARD1,6.89E-04,0.31070496,0,5,2,1,FALSE,,20.5,1,0,FALSE,0,BARD1,259
7107,PURA,6.89E-04,0.2902439,0.16666667,5,3,1,FALSE,,28.33333333,2,0,FALSE,0,PURA,301
7134,SATB1,6.73E-04,0.32328767,0.03333333,6,6,3,FALSE,,18,3,0,FALSE,0,SATB1,370
7200,STAT5A,6.53E-04,0.35866261,0.33333333,5,3,1,FALSE,,33.66666667,2,0,FALSE,0,STAT5A,533
6882,ERCC2,4.49E-04,0.33618234,0.33333333,5,4,1,FALSE,,46,3,0,FALSE,0,ERCC2,301
7057,NFKBIA,3.71E-04,0.33618234,0.41666667,5,6,3,FALSE,,37,3,2,FALSE,0,NFKBIA,267
6907,ETV4,3.59E-04,0.27570093,0,6,3,1,FALSE,,29.33333333,2,0,FALSE,0,ETV4,170
6974,ING4,3.27E-04,0.32065217,0.16666667,5,3,1,FALSE,,39.66666667,2,0,FALSE,0,ING4,241
7072,NR4A1,2.83E-04,0.29280397,0.11904762,5,7,5,FALSE,,22.28571429,2,0,FALSE,0,NR4A1,180
6842,DACH1,2.41E-04,0.28229665,0.16666667,5,3,2,FALSE,,20.33333333,1,0,FALSE,0,DACH1,279
7261,YBX1,2.41E-04,0.32777778,0.15,5,5,1,FALSE,,32.8,4,0,FALSE,0,YBX1,168
6935,GLI1,2.02E-04,0.3025641,0.25,5,5,2,FALSE,,25.25,3,1,FALSE,0,GLI1,94
6872,ELK4,1.81E-04,0.28297362,0,5,2,1,FALSE,,46.5,1,0,FALSE,0,ELK4,114
6867,ELF4,1.54E-04,0.3197832,0.08333333,5,5,3,FALSE,,37,2,1,FALSE,0,ELF4,161
7150,SMARCA4,1.50E-04,0.28297362,0,5,2,1,FALSE,,29,1,0,FALSE,0,SMARCA4,78
6869,ELK1,1.19E-04,0.28915663,0.1,5,5,2,FALSE,,17.6,3,0,FALSE,0,ELK1,66
6896,ESR2,1.05E-04,0.31134565,0.05,5,5,2,FALSE,,26.2,3,0,FALSE,0,ESR2,74
7020,MTA1,9.86E-05,0.35866261,0.30357143,4,8,2,FALSE,,36.125,6,0,FALSE,0,MTA1,73
7079,PAX2,8.06E-05,0.34104046,0,5,4,1,FALSE,,39,3,1,FALSE,0,PAX2,129
7013,MECP2,7.27E-05,0.31070496,0,5,2,1,FALSE,,21.5,1,0,FALSE,0,MECP2,22
7163,ID4,4.27E-05,0.29353234,0.16666667,5,4,3,FALSE,,28.25,1,0,FALSE,0,ID4,47
7202,STAT5B,3.72E-05,0.31315789,0,5,3,1,FALSE,,17,2,0,FALSE,0,STAT5B,12
6958,HOPX,3.69E-05,0.28297362,0,5,2,1,FALSE,,23.5,1,0,FALSE,0,HOPX,23
7009,MAML1,2.96E-05,0.28780488,0,6,2,1,FALSE,,14,1,0,FALSE,0,MAML1,21
7083,PER1,2.48E-05,1,0,1,5,4,FALSE,,13.8,1,0,FALSE,0,PER1,10
6844,DDB2,2.15E-05,1,0.23333333,1,6,5,FALSE,,37.83333333,1,0,FALSE,0,DDB2,16
6863,ELF1,1.59E-05,1,0,1,2,1,FALSE,,23,1,0,FALSE,0,ELF1,19
7000,KLF9,8.61E-06,0.28199052,0,5,2,1,FALSE,,8.5,1,0,FALSE,0,KLF9,4
6812,ATF7,5.79E-06,1,0,1,2,1,FALSE,,15,1,0,FALSE,0,ATF7,1
6970,ILF3,5.79E-06,1,0,1,2,1,FALSE,,13,1,0,FALSE,0,ILF3,1
6996,KLF6,5.47E-06,1,0,1,2,1,FALSE,,21.5,1,0,FALSE,0,KLF6,4
6988,KLF10,2.90E-06,1,0,1,2,1,FALSE,,12.5,1,0,FALSE,0,KLF10,1
7226,TGIF1,2.90E-06,1,0,1,2,1,FALSE,,13,1,0,FALSE,0,TGIF1,1
6846,DEK,1.88E-06,1,0,1,2,1,FALSE,,34,1,0,FALSE,0,DEK,2
6779,ABL1,0,0.34693878,0.25,5,4,0,FALSE,,40,4,0,FALSE,0,ABL1,0
6780,BCL2,0,0,0.0468599,0,46,46,FALSE,,15.43478261,0,0,FALSE,0,BCL2,0
6786,BIRC5,0,0,0.10833333,0,25,25,FALSE,,20.32,0,0,FALSE,0,BIRC5,0
6789,ERBB2,0,0,0.02586207,0,29,29,FALSE,,10.65517241,0,0,FALSE,0,ERBB2,0
6792,MUC1,0,0,0.10909091,0,11,11,FALSE,,16.27272727,0,0,FALSE,0,MUC1,0
6798,ARNTL2,0,1,0,1,1,0,FALSE,,20,1,0,FALSE,0,ARNTL2,0
6799,SERPINE1,0,0,0.06578947,0,20,20,FALSE,,19.1,0,0,FALSE,0,SERPINE1,0
6804,TGFB2,0,0,0,0,4,4,FALSE,,6.5,0,0,FALSE,0,TGFB2,0
6816,BACH2,0,0.23991935,0,6,2,0,FALSE,,26,2,0,FALSE,0,BACH2,0
6820,BARX2,0,0.31070496,0,5,1,0,FALSE,,40,1,0,FALSE,0,BARX2,0
6826,KRT5,0,0,0.16666667,0,3,3,FALSE,,34.33333333,0,0,FALSE,0,KRT5,0
6831,MMP9,0,0,0.05208333,0,33,33,FALSE,,15.57575758,0,0,FALSE,0,MMP9,0
6848,DENND4A,0,1,0,1,1,0,FALSE,,29,1,0,FALSE,0,DENND4A,0
6861,EHMT2,0,0.22623574,0,6,2,0,FALSE,,17,2,0,FALSE,0,EHMT2,0
6865,ELF3,0,1,0.5,1,3,2,FALSE,,45,1,0,FALSE,0,ELF3,0
6886,CXCL12,0,0,0.1,0,6,6,FALSE,,31.83333333,0,0,FALSE,0,CXCL12,0
6890,KRT19,0,0,0.33333333,0,3,3,FALSE,,34,0,0,FALSE,0,KRT19,0
6918,FOXF2,0,1,0,1,1,0,FALSE,,6,1,0,FALSE,0,FOXF2,0
6926,GABPA,0,1,0.33333333,1,3,2,FALSE,,17.33333333,1,0,FALSE,0,GABPA,0
6956,HMGN1,0,0.28266033,0,5,1,0,FALSE,,38,1,0,FALSE,0,HMGN1,0
6960,HOXA1,0,0.27107062,0.16666667,6,3,0,FALSE,,43.66666667,3,0,FALSE,0,HOXA1,0
6962,HOXA5,0,0.28199052,0,5,1,0,FALSE,,13,1,0,FALSE,0,HOXA5,0
6966,HSF2,0,0.30829016,0,5,2,0,FALSE,,34,2,0,FALSE,0,HSF2,0
6968,IKBKB,0,0.32075472,0,5,2,0,FALSE,,48.5,2,0,FALSE,0,IKBKB,0
6972,ING2,0,1,0,1,1,0,FALSE,,46,1,0,FALSE,0,ING2,0
6986,KDM4B,0,0.33055556,0.5,5,2,0,FALSE,,47.5,2,0,FALSE,0,KDM4B,0
6998,KLF8,0,1,0.5,1,2,1,FALSE,,40.5,1,0,FALSE,0,KLF8,0
7005,LMO4,0,0.33714286,0.66666667,5,4,1,FALSE,,35.5,3,0,FALSE,0,LMO4,0
7007,MAL,0,1,0,1,1,0,FALSE,,33,1,0,FALSE,0,MAL,0
7011,MAZ,0,1,0,1,1,0,FALSE,,33,1,0,FALSE,0,MAZ,0
7018,MSX2,0,0.25373134,0,6,2,0,FALSE,,27,2,0,FALSE,0,MSX2,0
7033,NCOA3,0,0.2960199,0,5,3,0,FALSE,,40.33333333,3,0,FALSE,0,NCOA3,0
7036,NCOA6,0,0.2975,0,5,2,0,FALSE,,23.5,2,0,FALSE,0,NCOA6,0
7042,NFIL3,0,0.28199052,0,5,1,0,FALSE,,13,1,0,FALSE,0,NFIL3,0
7059,NFYB,0,0.28266033,0,5,1,0,FALSE,,38,1,0,FALSE,0,NFYB,0
7061,NFYC,0,0.28266033,0,5,1,0,FALSE,,38,1,0,FALSE,0,NFYC,0
7063,NKX2-3,0,0.28743961,0,6,1,0,FALSE,,20,1,0,FALSE,0,NKX2-3,0
7077,PAWR,0,1,0,1,1,0,FALSE,,46,1,0,FALSE,0,PAWR,0
7089,PIAS1,0,0.27045455,0.5,6,2,0,FALSE,,15.5,2,0,FALSE,0,PIAS1,0
7091,PIAS2,0,0.30279898,0.16666667,5,3,0,FALSE,,27.66666667,3,0,FALSE,0,PIAS2,0
7096,PIAS4,0,0.21597096,0,7,2,0,FALSE,,15.5,2,0,FALSE,0,PIAS4,0
7113,RBMX,0,0.31007752,0,5,3,0,FALSE,,21,3,0,FALSE,0,RBMX,0
7137,SIM2,0,1,0.5,1,2,1,FALSE,,33,1,0,FALSE,0,SIM2,0
7141,SMAD2,0,0.26153846,0.16666667,6,3,0,FALSE,,20.33333333,3,0,FALSE,0,SMAD2,0
7172,SP2,0,1,0,1,1,0,FALSE,,33,1,0,FALSE,0,SP2,0
7178,SP4,0,0.35,0.3,5,5,0,FALSE,,35.6,5,0,FALSE,0,SP4,0
7181,SPDEF,0,1,0,1,1,0,FALSE,,33,1,0,FALSE,0,SPDEF,0
7221,TFAP2B,0,1,0,1,1,0,FALSE,,29,1,0,FALSE,0,TFAP2B,0
7223,TFAP2C,0,0.31233596,0,5,2,0,FALSE,,34.5,2,0,FALSE,0,TFAP2C,0
7243,USF1,0,0.35207101,0.07142857,5,7,0,FALSE,,21.57142857,7,0,FALSE,0,USF1,0
7257,XRCC5,0,0.27546296,0,6,2,0,FALSE,,22,2,0,FALSE,0,XRCC5,0
7259,XRCC6,0,1,0,1,1,0,FALSE,,29,1,0,FALSE,0,XRCC6,0
7267,ZBTB16,0,0.28199052,0.33333333,5,3,0,FALSE,,23,3,0,FALSE,0,ZBTB16,0
7269,ZBTB7A,0,0.29238329,0.5,5,2,0,FALSE,,58,2,0,FALSE,0,ZBTB7A,0
7273,ZNRD1,0,1,0,1,1,0,FALSE,,46,1,0,FALSE,0,ZNRD1,0
7275,AATF,0,0.32872928,1,5,2,0,FALSE,,71,2,0,FALSE,0,AATF,0
7282,AES,0,0.26862302,0,6,1,0,FALSE,,14,1,0,FALSE,0,AES,0
7288,AIP,0,0.24895397,0,6,1,0,FALSE,,11,1,0,FALSE,0,AIP,0
7293,APEX1,0,0.33615819,0.5,5,2,0,FALSE,,51,2,0,FALSE,0,APEX1,0
7309,ARID1A,0,0.24485597,0,6,1,0,FALSE,,13,1,0,FALSE,0,ARID1A,0
7311,ARID3A,0,0.29166667,0,5,1,0,FALSE,,44,1,0,FALSE,0,ARID3A,0
7319,ARNTL,0,0.66666667,0,2,1,0,FALSE,,5,1,0,FALSE,0,ARNTL,0
7327,ATF3,0,0.31903485,0,5,1,0,FALSE,,64,1,0,FALSE,0,ATF3,0
7329,ATF4,0,0.27546296,0,6,1,0,FALSE,,20,1,0,FALSE,0,ATF4,0
7333,ATF6,0,0.25369979,0,6,2,0,FALSE,,7.5,2,0,FALSE,0,ATF6,0
7341,BCL11A,0,0.22368421,0,7,1,0,FALSE,,12,1,0,FALSE,0,BCL11A,0
7344,BCL3,0,0.34492754,0.16666667,5,3,0,FALSE,,40.66666667,3,0,FALSE,0,BCL3,0
7349,BCL6,0,0.36280488,0.15,4,5,0,FALSE,,34.6,5,0,FALSE,0,BCL6,0
7355,BDP1,0,0.34795322,0.66666667,4,3,0,FALSE,,53,3,0,FALSE,0,BDP1,0
7359,BIN1,0,0.26096491,0,6,1,0,FALSE,,78,1,0,FALSE,0,BIN1,0
7372,BRIP1,0,0.23856859,0,6,1,0,FALSE,,2,1,0,FALSE,0,BRIP1,0
7374,BTAF1,0,0.24895397,0,6,1,0,FALSE,,16,1,0,FALSE,0,BTAF1,0
7377,BTF3,0,0.33521127,0,5,2,0,FALSE,,30.5,2,0,FALSE,0,BTF3,0
7380,CBFB,0,0.28199052,0,5,3,0,FALSE,,10.33333333,3,0,FALSE,0,CBFB,0
7384,CDX1,0,0.27610209,0,5,2,0,FALSE,,19,2,0,FALSE,0,CDX1,0
7387,CDX2,0,0.35951662,0.25,5,4,0,FALSE,,23,4,0,FALSE,0,CDX2,0
7396,CEBPB,0,0.27803738,0,6,2,0,FALSE,,7.5,2,0,FALSE,0,CEBPB,0
7399,CEBPD,0,0.25757576,0,6,1,0,FALSE,,22,1,0,FALSE,0,CEBPD,0
7401,CEBPE,0,0.27356322,0.5,5,2,0,FALSE,,45,2,0,FALSE,0,CEBPE,0
7404,CEBPZ,0,0.22972973,0,6,1,0,FALSE,,10,1,0,FALSE,0,CEBPZ,0
7406,CHD8,0,0.30829016,0.5,5,2,0,FALSE,,62,2,0,FALSE,0,CHD8,0
7412,CLOCK,0,0.66666667,0,2,1,0,FALSE,,5,1,0,FALSE,0,CLOCK,0
7415,CNBP,0,0.26096491,0,6,1,0,FALSE,,78,1,0,FALSE,0,CNBP,0
7426,CREB5,0,0.26984127,0,6,1,0,FALSE,,20,1,0,FALSE,0,CREB5,0
7428,CREBBP,0,0.38141026,0.13333333,5,6,0,FALSE,,28.66666667,6,0,FALSE,0,CREBBP,0
7438,CRX,0,0.23856859,0,6,1,0,FALSE,,3,1,0,FALSE,0,CRX,0
7440,CTBP1,0,0.29310345,0,5,1,0,FALSE,,46,1,0,FALSE,0,CTBP1,0
7442,CTCF,0,0.33333333,0.25,5,4,0,FALSE,,41.25,4,0,FALSE,0,CTCF,0
7456,CTNNBIP1,0,0.22884615,0,6,1,0,FALSE,,6,1,0,FALSE,0,CTNNBIP1,0
7459,DDIT3,0,0.31578947,0,5,4,0,FALSE,,10.5,4,0,FALSE,0,DDIT3,0
7464,DLX4,0,0.29310345,0,5,1,0,FALSE,,46,1,0,FALSE,0,DLX4,0
7466,DLX5,0,0.26096491,0,6,1,0,FALSE,,78,1,0,FALSE,0,DLX5,0
7468,DMAP1,0,0.28883495,0,6,2,0,FALSE,,12,2,0,FALSE,0,DMAP1,0
7476,DR1,0,0.27944573,0,5,2,0,FALSE,,13,2,0,FALSE,0,DR1,0
7480,DRAP1,0,0.24895397,0,6,1,0,FALSE,,16,1,0,FALSE,0,DRAP1,0
7508,E2F5,0,0.26096491,0,6,1,0,FALSE,,78,1,0,FALSE,0,E2F5,0
7510,E2F6,0,0.32513661,0.5,5,2,0,FALSE,,45,2,0,FALSE,0,E2F6,0
7513,E2F7,0,0.29166667,0,5,1,0,FALSE,,44,1,0,FALSE,0,E2F7,0
7515,E2F8,0,0.29166667,0,5,1,0,FALSE,,44,1,0,FALSE,0,E2F8,0
7517,EBF1,0,0.23762376,0,7,1,0,FALSE,,6,1,0,FALSE,0,EBF1,0
7519,EGF,0,0.26984127,0,6,1,0,FALSE,,20,1,0,FALSE,0,EGF,0
7537,ELL,0,0.29166667,0,5,1,0,FALSE,,44,1,0,FALSE,0,ELL,0
7539,ENO1,0,0.26621924,0,6,2,0,FALSE,,47.5,2,0,FALSE,0,ENO1,0
7557,ERF,0,0.25925926,0,6,1,0,FALSE,,7,1,0,FALSE,0,ERF,0
7559,ERG,0,0.22623574,0,6,1,0,FALSE,,10,1,0,FALSE,0,ERG,0
7579,ESRRA,0,0.25591398,0,6,2,0,FALSE,,14.5,2,0,FALSE,0,ESRRA,0
7591,ETV1,0,0.28953771,0,5,1,0,FALSE,,55,1,0,FALSE,0,ETV1,0
7593,ETV3,0,0.33615819,0.5,5,2,0,FALSE,,51,2,0,FALSE,0,ETV3,0
7597,ETV7,0,0.28,0,5,2,0,FALSE,,11,2,0,FALSE,0,ETV7,0
7600,EWSR1,0,0.24485597,0.5,6,2,0,FALSE,,11.5,2,0,FALSE,0,EWSR1,0
7603,EZH2,0,0.39666667,0.1,4,11,0,FALSE,,27.54545455,11,0,FALSE,0,EZH2,0
7616,FHL2,0,0.33615819,0.5,5,2,0,FALSE,,51,2,0,FALSE,0,FHL2,0
7619,FLI1,0,0.34195402,0,5,3,0,FALSE,,17.66666667,3,0,FALSE,0,FLI1,0
7631,FOSL2,0,0.30749354,0,5,2,0,FALSE,,33,2,0,FALSE,0,FOSL2,0
7638,FOXA2,0,0.25319149,0,6,1,0,FALSE,,9,1,0,FALSE,0,FOXA2,0
7640,FOXC1,0,0.23991935,0,6,1,0,FALSE,,6,1,0,FALSE,0,FOXC1,0
7642,FOXD3,0,0.23752495,0,6,1,0,FALSE,,16,1,0,FALSE,0,FOXD3,0
7644,FOXH1,0,0.28953771,0,5,1,0,FALSE,,55,1,0,FALSE,0,FOXH1,0
7646,FOXL2,0,0.27546296,0,6,1,0,FALSE,,20,1,0,FALSE,0,FOXL2,0
7648,FOXM1,0,0.30434783,0.5,5,2,0,FALSE,,66.5,2,0,FALSE,0,FOXM1,0
7655,FOXO4,0,0.28813559,0,6,2,0,FALSE,,23,2,0,FALSE,0,FOXO4,0
7660,FOXQ1,0,0.25813449,0,6,1,0,FALSE,,19,1,0,FALSE,0,FOXQ1,0
7662,FUBP1,0,0.26096491,0,6,1,0,FALSE,,78,1,0,FALSE,0,FUBP1,0
7664,FUS,0,0.28953771,0,5,1,0,FALSE,,55,1,0,FALSE,0,FUS,0
7672,GATA2,0,0.32336957,0.16666667,5,4,0,FALSE,,28.25,4,0,FALSE,0,GATA2,0
7685,GFI1,0,0.26444444,0,5,1,0,FALSE,,17,1,0,FALSE,0,GFI1,0
7690,GTF2A1,0,0.24895397,0,6,1,0,FALSE,,16,1,0,FALSE,0,GTF2A1,0
7692,GTF2I,0,0.27546296,0,6,1,0,FALSE,,20,1,0,FALSE,0,GTF2I,0
7694,GTF3A,0,0.26984127,0,6,1,0,FALSE,,20,1,0,FALSE,0,GTF3A,0
7696,HAND2,0,0.22326454,0,6,1,0,FALSE,,8,1,0,FALSE,0,HAND2,0
7698,HBP1,0,0.26984127,0,6,1,0,FALSE,,15,1,0,FALSE,0,HBP1,0
7700,HCFC1,0,0.29339853,0,5,2,0,FALSE,,26,2,0,FALSE,0,HCFC1,0
7718,HDAC11,0,0.26096491,0,6,1,0,FALSE,,78,1,0,FALSE,0,HDAC11,0
7720,HDAC2,0,0.38387097,0.07142857,4,7,0,FALSE,,29.85714286,7,0,FALSE,0,HDAC2,0
7728,HDAC3,0,0.30279898,0.5,5,2,0,FALSE,,59.5,2,0,FALSE,0,HDAC3,0
7731,HDAC4,0,0.32697548,0.1,5,6,0,FALSE,,17,6,0,FALSE,0,HDAC4,0
7739,HDAC5,0,0.32075472,0,5,2,0,FALSE,,23,2,0,FALSE,0,HDAC5,0
7752,HES1,0,0.29166667,0,5,1,0,FALSE,,44,1,0,FALSE,0,HES1,0
7754,HEY1,0,0.22326454,0,6,1,0,FALSE,,8,1,0,FALSE,0,HEY1,0
7756,HEY2,0,0.22326454,0,6,1,0,FALSE,,8,1,0,FALSE,0,HEY2,0
7758,HEYL,0,0.28953771,0,5,1,0,FALSE,,55,1,0,FALSE,0,HEYL,0
7760,HIC1,0,0.35,0.25,5,4,0,FALSE,,42.75,4,0,FALSE,0,HIC1,0
7776,HIF3A,0,0.27419355,0,6,2,0,FALSE,,18.5,2,0,FALSE,0,HIF3A,0
7779,HIPK2,0,0.34,0,5,2,0,FALSE,,47,2,0,FALSE,0,HIPK2,0
7782,HMGA1,0,0.38762215,0.16666667,5,4,0,FALSE,,44.25,4,0,FALSE,0,HMGA1,0
7788,HNF4A,0,0.31926121,0.05,5,5,0,FALSE,,25.2,5,0,FALSE,0,HNF4A,0
7797,HOXA10,0,0.34482759,0.16666667,5,4,0,FALSE,,26.75,4,0,FALSE,0,HOXA10,0
7803,HOXA9,0,0.33903134,0.16666667,5,3,0,FALSE,,39.66666667,3,0,FALSE,0,HOXA9,0
7807,HOXB1,0,0.24435318,0,6,1,0,FALSE,,14,1,0,FALSE,0,HOXB1,0
7809,HOXB13,0,0.24435318,0,6,1,0,FALSE,,14,1,0,FALSE,0,HOXB13,0
7817,HSF4,0,0.26862302,0,6,1,0,FALSE,,30,1,0,FALSE,0,HSF4,0
7820,IFI16,0,0.36060606,0.41666667,4,4,0,FALSE,,53,4,0,FALSE,0,IFI16,0
7826,ILF2,0,0.66666667,0,2,1,0,FALSE,,2,1,0,FALSE,0,ILF2,0
7828,ING1,0,0.31903485,0,5,1,0,FALSE,,64,1,0,FALSE,0,ING1,0
7837,IRF2,0,0.23151751,0,6,1,0,FALSE,,11,1,0,FALSE,0,IRF2,0
7839,IRF3,0,0.22641509,0,6,1,0,FALSE,,3,1,0,FALSE,0,IRF3,0
7841,IRF8,0,0.26444444,0,5,1,0,FALSE,,17,1,0,FALSE,0,IRF8,0
7860,JUNB,0,0.24137931,0,6,1,0,FALSE,,11,1,0,FALSE,0,JUNB,0
7865,KAT2B,0,0.34593023,0.05,5,5,0,FALSE,,14.2,5,0,FALSE,0,KAT2B,0
7871,KAT5,0,0.30203046,0,5,1,0,FALSE,,29,1,0,FALSE,0,KAT5,0
7875,KHDRBS1,0,0.28953771,0,5,1,0,FALSE,,55,1,0,FALSE,0,KHDRBS1,0
7877,KLF12,0,0.22972973,0,6,1,0,FALSE,,9,1,0,FALSE,0,KLF12,0
7879,KLF2,0,0.25757576,0,6,1,0,FALSE,,22,1,0,FALSE,0,KLF2,0
7888,L3MBTL1,0,0.26096491,0,6,1,0,FALSE,,78,1,0,FALSE,0,L3MBTL1,0
7898,LIMD1,0,0.26862302,0,6,1,0,FALSE,,30,1,0,FALSE,0,LIMD1,0
7900,LMO2,0,0.27752294,0,6,3,0,FALSE,,9.666666667,3,0,FALSE,0,LMO2,0
7907,LYL1,0,0.31989247,0,5,1,0,FALSE,,52,1,0,FALSE,0,LYL1,0
7909,MAX,0,0.26096491,0,6,1,0,FALSE,,78,1,0,FALSE,0,MAX,0
7911,MCM5,0,0.26984127,0,6,1,0,FALSE,,20,1,0,FALSE,0,MCM5,0
7913,MDM4,0,0.31903485,0,5,1,0,FALSE,,64,1,0,FALSE,0,MDM4,0
7917,MED1,0,0.29382716,0,5,2,0,FALSE,,37.5,2,0,FALSE,0,MED1,0
7920,MEF2A,0,0.29310345,0,5,1,0,FALSE,,41,1,0,FALSE,0,MEF2A,0
7923,MEF2C,0,0.30848329,0,5,3,0,FALSE,,16.66666667,3,0,FALSE,0,MEF2C,0
7929,MEF2D,0,0.32162162,0,5,3,0,FALSE,,19.33333333,3,0,FALSE,0,MEF2D,0
7933,MEIS1,0,0.28953771,0,5,1,0,FALSE,,55,1,0,FALSE,0,MEIS1,0
7935,MEN1,0,0.31088083,0,5,3,0,FALSE,,20.66666667,3,0,FALSE,0,MEN1,0
7941,MKL1,0,0.23483366,0,6,1,0,FALSE,,9,1,0,FALSE,0,MKL1,0
7943,MSC,0,0.234714,0,6,1,0,FALSE,,14,1,0,FALSE,0,MSC,0
7952,MXI1,0,0.26621924,0,6,2,0,FALSE,,47.5,2,0,FALSE,0,MXI1,0
7963,MYBL2,0,0.35951662,0.5,4,2,0,FALSE,,63,2,0,FALSE,0,MYBL2,0
7977,NANOG,0,0.22326454,0,6,1,0,FALSE,,8,1,0,FALSE,0,NANOG,0
7979,NCOA2,0,0.28953771,0,5,1,0,FALSE,,55,1,0,FALSE,0,NCOA2,0
7982,NCOA4,0,0.28953771,0,5,1,0,FALSE,,55,1,0,FALSE,0,NCOA4,0
7992,NCOR2,0,0.30555556,0,5,3,0,FALSE,,27.33333333,3,0,FALSE,0,NCOR2,0
7997,NELFCD,0,0.26269316,0,6,1,0,FALSE,,15,1,0,FALSE,0,NELFCD,0
8004,NFATC1,0,0.34293948,0,5,1,0,FALSE,,48,1,0,FALSE,0,NFATC1,0
8006,NFATC2,0,0.234714,0,6,1,0,FALSE,,14,1,0,FALSE,0,NFATC2,0
8008,NFE2L2,0,0.29310345,0,5,1,0,FALSE,,46,1,0,FALSE,0,NFE2L2,0
8010,NFIC,0,0.29310345,0,5,1,0,FALSE,,41,1,0,FALSE,0,NFIC,0
8038,NFKB2,0,0.26862302,0,6,1,0,FALSE,,30,1,0,FALSE,0,NFKB2,0
8046,NFRKB,0,0.29310345,0,5,1,0,FALSE,,41,1,0,FALSE,0,NFRKB,0
8048,NFYA,0,0.265625,0,6,1,0,FALSE,,12,1,0,FALSE,0,NFYA,0
8052,NKX2-1,0,0.34293948,0,5,1,0,FALSE,,48,1,0,FALSE,0,NKX2-1,0
8054,NKX2-5,0,0.26741573,0,6,2,0,FALSE,,11.5,2,0,FALSE,0,NKX2-5,0
8060,NPAS2,0,0.66666667,0,2,1,0,FALSE,,5,1,0,FALSE,0,NPAS2,0
8062,NPM1,0,0.28368794,0,6,3,0,FALSE,,8.333333333,3,0,FALSE,0,NPM1,0
8066,NR0B2,0,0.29166667,0,5,1,0,FALSE,,44,1,0,FALSE,0,NR0B2,0
8068,NR1H4,0,0.33893557,0.5,5,3,0,FALSE,,37.33333333,3,0,FALSE,0,NR1H4,0
8076,NR2F2,0,0.30512821,0,5,3,0,FALSE,,22,3,0,FALSE,0,NR2F2,0
8080,NR3C1,0,0.39935065,0.125,5,9,0,FALSE,,25.33333333,9,0,FALSE,0,NR3C1,0
8091,NR4A3,0,0.25757576,0,6,1,0,FALSE,,22,1,0,FALSE,0,NR4A3,0
8093,NRL,0,0.23856859,0,6,1,0,FALSE,,3,1,0,FALSE,0,NRL,0
8095,NUPR1,0,0.33521127,0,5,2,0,FALSE,,41.5,2,0,FALSE,0,NUPR1,0
8098,ONECUT1,0,0.23752495,0,6,1,0,FALSE,,16,1,0,FALSE,0,ONECUT1,0
8100,ONECUT2,0,0.23752495,0,6,1,0,FALSE,,16,1,0,FALSE,0,ONECUT2,0
8102,PA2G4,0,0.32425068,0.5,5,2,0,FALSE,,49.5,2,0,FALSE,0,PA2G4,0
8113,PAX3,0,0.23752495,0,6,1,0,FALSE,,16,1,0,FALSE,0,PAX3,0
8123,PAX8,0,0.34593023,0.33333333,5,3,0,FALSE,,44,3,0,FALSE,0,PAX8,0
8127,PCGF2,0,0.22623574,0,6,1,0,FALSE,,10,1,0,FALSE,0,PCGF2,0
8129,PER2,0,0.26327434,0,6,2,0,FALSE,,18.5,2,0,FALSE,0,PER2,0
8137,PHB2,0,0.26681614,0,6,1,0,FALSE,,7,1,0,FALSE,0,PHB2,0
8146,PIR,0,0.31989247,0,5,1,0,FALSE,,52,1,0,FALSE,0,PIR,0
8148,PITX1,0,0.30749354,0.16666667,5,3,0,FALSE,,19.66666667,3,0,FALSE,0,PITX1,0
8152,PITX2,0,0.26862302,0,6,1,0,FALSE,,14,1,0,FALSE,0,PITX2,0
8154,PML,0,0.33903134,0,5,3,0,FALSE,,30,3,0,FALSE,0,PML,0
8158,POLR1A,0,0.29166667,0,5,1,0,FALSE,,44,1,0,FALSE,0,POLR1A,0
8160,POU1F1,0,0.21480144,0,7,1,0,FALSE,,20,1,0,FALSE,0,POU1F1,0
8162,POU2F1,0,0.31903485,0,5,4,0,FALSE,,26,4,0,FALSE,0,POU2F1,0
8169,POU3F2,0,0.23752495,0,6,1,0,FALSE,,16,1,0,FALSE,0,POU3F2,0
8180,PRDM1,0,0.27610209,0,6,2,0,FALSE,,44.5,2,0,FALSE,0,PRDM1,0
8183,PROX1,0,0.28537736,0,6,2,0,FALSE,,14.5,2,0,FALSE,0,PROX1,0
8186,PTTG1,0,0.26096491,0,6,1,0,FALSE,,78,1,0,FALSE,0,PTTG1,0
8190,RAD51,0,0.34293948,0,5,1,0,FALSE,,48,1,0,FALSE,0,RAD51,0
8192,RARA,0,0.27419355,0,6,1,0,FALSE,,15,1,0,FALSE,0,RARA,0
8206,RB1CC1,0,0.284689,0,5,1,0,FALSE,,17,1,0,FALSE,0,RB1CC1,0
8209,RBL1,0,0.30829016,0.5,5,2,0,FALSE,,62,2,0,FALSE,0,RBL1,0
8212,RBL2,0,0.30150754,0.5,5,2,0,FALSE,,27,2,0,FALSE,0,RBL2,0
8217,RBPJ,0,0.31989247,0,5,1,0,FALSE,,52,1,0,FALSE,0,RBPJ,0
8254,REST,0,0.30909091,0,5,2,0,FALSE,,37.5,2,0,FALSE,0,REST,0
8257,RFX1,0,0.33806818,0,4,3,0,FALSE,,37,3,0,FALSE,0,RFX1,0
8261,RORA,0,0.29166667,0,5,1,0,FALSE,,44,1,0,FALSE,0,RORA,0
8263,RUNX1,0,0.36615385,0.05,5,5,0,FALSE,,34.8,5,0,FALSE,0,RUNX1,0
8276,RUVBL1,0,0.31903485,0,5,1,0,FALSE,,64,1,0,FALSE,0,RUVBL1,0
8278,SALL3,0,0.28266033,0,5,1,0,FALSE,,7,1,0,FALSE,0,SALL3,0
8280,SALL4,0,0.22623574,0,6,1,0,FALSE,,10,1,0,FALSE,0,SALL4,0
8284,SFPQ,0,0.23425197,0,6,1,0,FALSE,,4,1,0,FALSE,0,SFPQ,0
8286,SIN3A,0,0.29166667,0,5,1,0,FALSE,,44,1,0,FALSE,0,SIN3A,0
8300,SIRT3,0,0.24040404,0,6,1,0,FALSE,,9,1,0,FALSE,0,SIRT3,0
8315,SMAD7,0,0.26096491,0,6,1,0,FALSE,,78,1,0,FALSE,0,SMAD7,0
8318,SMURF2,0,0.21875,0,7,1,0,FALSE,,6,1,0,FALSE,0,SMURF2,0
8320,SNAI1,0,0.21480144,0,7,1,0,FALSE,,20,1,0,FALSE,0,SNAI1,0
8323,SNIP1,0,0.26096491,0,6,1,0,FALSE,,78,1,0,FALSE,0,SNIP1,0
8325,SNW1,0,0.21480144,0,7,1,0,FALSE,,20,1,0,FALSE,0,SNW1,0
8327,SOX10,0,0.23752495,0,6,1,0,FALSE,,16,1,0,FALSE,0,SOX10,0
8331,SOX4,0,0.25265393,0,6,1,0,FALSE,,8,1,0,FALSE,0,SOX4,0
8333,SOX6,0,0.32872928,0.5,5,2,0,FALSE,,39.5,2,0,FALSE,0,SOX6,0
8336,SOX9,0,0.31233596,0,5,3,0,FALSE,,28.33333333,3,0,FALSE,0,SOX9,0
8375,SP100,0,0.27419355,0,6,1,0,FALSE,,15,1,0,FALSE,0,SP100,0
8385,SPI1,0,0.31233596,0,5,2,0,FALSE,,20.5,2,0,FALSE,0,SPI1,0
8389,SREBF1,0,0.30670103,0,5,2,0,FALSE,,38.5,2,0,FALSE,0,SREBF1,0
8392,SREBF2,0,0.25757576,0,6,1,0,FALSE,,22,1,0,FALSE,0,SREBF2,0
8397,SRSF1,0,0.32782369,0.5,5,2,0,FALSE,,65,2,0,FALSE,0,SRSF1,0
8411,STAT2,0,0.28066038,0.5,6,2,0,FALSE,,17,2,0,FALSE,0,STAT2,0
8434,STAT4,0,0.28,0,6,2,0,FALSE,,46,2,0,FALSE,0,STAT4,0
8444,SUZ12,0,0.26327434,0,6,2,0,FALSE,,18.5,2,0,FALSE,0,SUZ12,0
8447,TAF1,0,0.29974811,0.5,5,2,0,FALSE,,35.5,2,0,FALSE,0,TAF1,0
8450,TAF4,0,0.66666667,0,2,1,0,FALSE,,2,1,0,FALSE,0,TAF4,0
8452,TAL1,0,0.33055556,0,5,3,0,FALSE,,29.66666667,3,0,FALSE,0,TAL1,0
8456,TBL1X,0,0.26096491,0,6,1,0,FALSE,,78,1,0,FALSE,0,TBL1X,0
8462,TBPL1,0,0.26444444,0,5,1,0,FALSE,,17,1,0,FALSE,0,TBPL1,0
8464,TBX21,0,0.31481481,0,5,2,0,FALSE,,16.5,2,0,FALSE,0,TBX21,0
8467,TCF3,0,0.26096491,0,6,1,0,FALSE,,78,1,0,FALSE,0,TCF3,0
8475,TCF7,0,0.17921687,0,8,1,0,FALSE,,18,1,0,FALSE,0,TCF7,0
8481,TEAD1,0,0.23483366,0,6,1,0,FALSE,,9,1,0,FALSE,0,TEAD1,0
8486,TFCP2,0,0.26385809,0,6,1,0,FALSE,,24,1,0,FALSE,0,TFCP2,0
8488,TFDP1,0,0.31903485,0,5,1,0,FALSE,,64,1,0,FALSE,0,TFDP1,0
8490,TFDP3,0,0.29166667,0,5,1,0,FALSE,,44,1,0,FALSE,0,TFDP3,0
8492,TLX1,0,0.26096491,0,6,1,0,FALSE,,78,1,0,FALSE,0,TLX1,0
8494,TNFAIP3,0,0.35522388,0.08333333,5,4,0,FALSE,,37.25,4,0,FALSE,0,TNFAIP3,0
8530,TP53BP1,0,0.29310345,0,5,1,0,FALSE,,46,1,0,FALSE,0,TP53BP1,0
8533,TP63,0,0.3260274,0.1,5,6,0,FALSE,,18.83333333,6,0,FALSE,0,TP63,0
8543,TRIB3,0,0.24485597,0,6,1,0,FALSE,,13,1,0,FALSE,0,TRIB3,0
8545,TRIM16,0,0.29166667,0,5,1,0,FALSE,,44,1,0,FALSE,0,TRIM16,0
8547,TRIM22,0,0.33615819,0.5,5,2,0,FALSE,,51,2,0,FALSE,0,TRIM22,0
8550,TRIM28,0,0.25641026,0,6,1,0,FALSE,,8,1,0,FALSE,0,TRIM28,0
8552,TRPS1,0,0.25591398,0,6,1,0,FALSE,,10,1,0,FALSE,0,TRPS1,0
8554,TRRAP,0,0.23752495,0,6,1,0,FALSE,,16,1,0,FALSE,0,TRRAP,0
8556,TSC22D3,0,0.24688797,0,6,2,0,FALSE,,7.5,2,0,FALSE,0,TSC22D3,0
8574,UHRF1,0,0.30050505,0.5,5,2,0,FALSE,,19.5,2,0,FALSE,0,UHRF1,0
8577,URI1,0,0.28953771,0,5,1,0,FALSE,,55,1,0,FALSE,0,URI1,0
8590,VHL,0,0.36144578,0.05,5,5,0,FALSE,,33,5,0,FALSE,0,VHL,0
8597,WDR5,0,0.26096491,0,6,1,0,FALSE,,78,1,0,FALSE,0,WDR5,0
8599,WHSC1,0,0.28953771,0,5,1,0,FALSE,,55,1,0,FALSE,0,WHSC1,0
8613,WWTR1,0,0.24485597,0,6,1,0,FALSE,,13,1,0,FALSE,0,WWTR1,0
8620,YEATS4,0,0.31903485,0,5,1,0,FALSE,,64,1,0,FALSE,0,YEATS4,0
8640,ZBTB2,0,0.31903485,0,5,1,0,FALSE,,64,1,0,FALSE,0,ZBTB2,0
8645,ZFHX3,0,0.25211864,0,6,1,0,FALSE,,20,1,0,FALSE,0,ZFHX3,0
8647,ZFP36,0,0.26862302,0,6,1,0,FALSE,,30,1,0,FALSE,0,ZFP36,0
8650,ZIC1,0,0.20304569,0,7,1,0,FALSE,,5,1,0,FALSE,0,ZIC1,0
8652,ZIC2,0,0.24435318,0,6,1,0,FALSE,,14,1,0,FALSE,0,ZIC2,0
8654,ZNF224,0,0.21480144,0,7,1,0,FALSE,,20,1,0,FALSE,0,ZNF224,0
8656,ZNF24,0,0.26269316,0,6,1,0,FALSE,,15,1,0,FALSE,0,ZNF24,0
8658,ZNF300,0,0.26096491,0,6,1,0,FALSE,,78,1,0,FALSE,0,ZNF300,0
8660,ZNF382,0,0.37735849,0.1,4,6,0,FALSE,,36.5,6,0,FALSE,0,ZNF382,0
8667,ZNF383,0,0.29310345,0,5,1,0,FALSE,,41,1,0,FALSE,0,ZNF383,0
8669,ZNF423,0,0.29310345,0,5,1,0,FALSE,,46,1,0,FALSE,0,ZNF423,0